trending_date,category_id,numbers
2017-11-14,1,1
2017-11-15,1,1
2017-11-18,1,1
2017-11-19,1,1
2017-11-20,1,1
2017-11-21,1,1
2017-11-24,1,2
2017-11-25,1,3
2017-11-26,1,2
2017-11-27,1,2
2017-11-28,1,2
2017-11-29,1,3
2017-11-30,1,4
2017-12-01,1,3
2017-12-02,1,3
2017-12-03,1,4
2017-12-04,1,5
2017-12-05,1,5
2017-12-06,1,3
2017-12-07,1,3
2017-12-08,1,1
2017-12-09,1,2
2017-12-10,1,2
2017-12-11,1,2
2017-12-12,1,1
2017-12-18,1,2
2017-12-19,1,4
2017-12-20,1,3
2017-12-21,1,4
2017-12-22,1,3
2017-12-23,1,3
2017-12-24,1,3
2017-12-25,1,4
2017-12-26,1,4
2017-12-27,1,4
2017-12-28,1,5
2017-12-29,1,6
2017-12-30,1,5
2017-12-31,1,1
2018-01-01,1,1
2018-01-02,1,2
2018-01-03,1,2
2018-01-04,1,1
2018-01-05,1,1
2018-01-06,1,2
2018-01-07,1,3
2018-01-08,1,2
2018-01-09,1,3
2018-01-12,1,3
2018-01-13,1,3
2018-01-14,1,3
2018-01-15,1,3
2018-01-16,1,2
2018-01-17,1,2
2018-01-18,1,2
2018-01-19,1,2
2018-01-20,1,3
2018-01-21,1,3
2018-01-22,1,2
2018-01-23,1,1
2018-01-24,1,1
2018-01-26,1,2
2018-01-27,1,3
2018-01-28,1,4
2018-01-29,1,3
2018-01-30,1,1
2018-01-31,1,2
2018-02-01,1,2
2018-02-02,1,3
2018-02-03,1,1
2018-02-04,1,1
2018-02-05,1,2
2018-02-06,1,2
2018-02-07,1,2
2018-02-08,1,3
2018-02-09,1,4
2018-02-10,1,4
2018-02-11,1,3
2018-02-12,1,1
2018-02-13,1,1
2018-02-14,1,1
2018-02-15,1,1
2018-02-16,1,1
2018-02-17,1,1
2018-02-21,1,1
2018-02-22,1,2
2018-02-23,1,2
2018-02-24,1,2
2018-02-25,1,2
2018-02-26,1,2
2018-02-27,1,2
2018-02-28,1,1
2018-03-01,1,4
2018-03-02,1,3
2018-03-03,1,3
2018-03-04,1,4
2018-03-05,1,4
2018-03-06,1,4
2018-03-07,1,4
2018-03-08,1,3
2018-03-09,1,3
2018-03-10,1,3
2018-03-11,1,3
2018-03-12,1,7
2018-03-13,1,6
2018-03-14,1,6
2018-03-15,1,6
2018-03-16,1,6
2018-03-17,1,6
2018-03-18,1,6
2018-03-19,1,6
2018-03-20,1,5
2018-03-21,1,5
2018-03-22,1,4
2018-03-23,1,2
2018-03-24,1,2
2018-03-25,1,2
2018-03-26,1,1
2018-03-27,1,1
2018-03-28,1,2
2018-04-06,1,1
2018-04-07,1,2
2018-04-14,1,2
2018-04-15,1,1
2018-04-16,1,1
2018-04-17,1,1
2018-04-18,1,2
2018-04-19,1,3
2018-04-20,1,4
2018-04-21,1,3
2018-04-22,1,3
2018-04-23,1,2
2018-04-24,1,3
2018-04-25,1,3
2018-04-26,1,3
2018-04-27,1,3
2018-04-28,1,2
2018-04-29,1,2
2018-04-30,1,3
2018-05-01,1,2
2018-05-02,1,2
2018-05-03,1,1
2018-05-04,1,1
2018-05-05,1,1
2018-05-06,1,1
2018-05-08,1,3
2018-05-09,1,10
2018-05-10,1,10
2018-05-11,1,12
2018-05-12,1,12
2018-05-13,1,12
2018-05-14,1,13
2018-05-15,1,8
2018-05-16,1,11
2018-05-17,1,11
2018-05-18,1,12
2018-05-19,1,12
2018-05-20,1,12
2018-05-21,1,12
2018-05-22,1,10
2018-05-23,1,10
2018-05-24,1,10
2018-05-25,1,10
2018-05-26,1,10
2018-05-27,1,11
2018-05-28,1,13
2018-05-29,1,13
2018-05-30,1,13
2018-05-31,1,13
2018-06-01,1,13
2018-06-02,1,12
2018-06-03,1,12
2018-06-04,1,13
2018-06-05,1,15
2018-06-06,1,15
2018-06-07,1,15
2018-06-08,1,17
2018-06-09,1,16
2018-06-10,1,16
2018-06-11,1,16
2018-06-12,1,16
2018-06-13,1,15
2018-06-14,1,15
2018-02-18,2,1
2018-02-25,2,5
2018-02-26,2,5
2018-02-27,2,4
2018-02-28,2,4
2018-03-01,2,2
2018-03-02,2,3
2018-03-03,2,3
2018-03-04,2,3
2018-03-05,2,3
2018-03-06,2,1
2018-03-31,2,1
2018-04-01,2,1
2018-04-02,2,1
2018-04-03,2,2
2018-04-04,2,3
2018-04-05,2,3
2018-04-06,2,3
2018-04-07,2,3
2018-04-14,2,3
2018-04-15,2,3
2018-04-16,2,2
2018-04-17,2,2
2018-04-18,2,1
2018-04-19,2,1
2018-04-20,2,1
2018-04-21,2,1
2018-04-22,2,1
2018-04-23,2,1
2018-04-24,2,1
2018-04-25,2,1
2018-05-12,2,1
2018-05-13,2,1
2018-05-15,2,1
2018-05-16,2,1
2018-05-17,2,1
2018-05-18,2,1
2018-05-19,2,1
2018-05-20,2,1
2018-05-21,2,1
2017-11-14,10,21
2017-11-15,10,13
2017-11-16,10,12
2017-11-17,10,12
2017-11-18,10,15
2017-11-19,10,18
2017-11-20,10,18
2017-11-21,10,17
2017-11-22,10,16
2017-11-23,10,13
2017-11-24,10,13
2017-11-25,10,15
2017-11-26,10,16
2017-11-27,10,17
2017-11-28,10,14
2017-11-29,10,12
2017-11-30,10,9
2017-12-01,10,7
2017-12-02,10,16
2017-12-03,10,19
2017-12-04,10,16
2017-12-05,10,14
2017-12-06,10,16
2017-12-07,10,13
2017-12-08,10,9
2017-12-09,10,7
2017-12-10,10,9
2017-12-11,10,10
2017-12-12,10,11
2017-12-13,10,11
2017-12-14,10,13
2017-12-15,10,16
2017-12-16,10,18
2017-12-17,10,19
2017-12-18,10,15
2017-12-19,10,19
2017-12-20,10,16
2017-12-21,10,12
2017-12-22,10,12
2017-12-23,10,8
2017-12-24,10,14
2017-12-25,10,12
2017-12-26,10,14
2017-12-27,10,16
2017-12-28,10,12
2017-12-29,10,11
2017-12-30,10,9
2017-12-31,10,10
2018-01-01,10,8
2018-01-02,10,9
2018-01-03,10,7
2018-01-04,10,5
2018-01-05,10,4
2018-01-06,10,5
2018-01-07,10,7
2018-01-08,10,9
2018-01-09,10,8
2018-01-12,10,4
2018-01-13,10,6
2018-01-14,10,6
2018-01-15,10,6
2018-01-16,10,6
2018-01-17,10,12
2018-01-18,10,8
2018-01-19,10,7
2018-01-20,10,9
2018-01-21,10,10
2018-01-22,10,10
2018-01-23,10,6
2018-01-24,10,9
2018-01-25,10,12
2018-01-26,10,8
2018-01-27,10,13
2018-01-28,10,13
2018-01-29,10,17
2018-01-30,10,20
2018-01-31,10,12
2018-02-01,10,11
2018-02-02,10,12
2018-02-03,10,17
2018-02-04,10,15
2018-02-05,10,15
2018-02-06,10,10
2018-02-07,10,10
2018-02-08,10,8
2018-02-09,10,7
2018-02-10,10,10
2018-02-11,10,10
2018-02-12,10,10
2018-02-13,10,9
2018-02-14,10,9
2018-02-15,10,8
2018-02-16,10,9
2018-02-17,10,9
2018-02-18,10,12
2018-02-19,10,11
2018-02-20,10,12
2018-02-21,10,11
2018-02-22,10,9
2018-02-23,10,6
2018-02-24,10,6
2018-02-25,10,9
2018-02-26,10,9
2018-02-27,10,13
2018-02-28,10,10
2018-03-01,10,9
2018-03-02,10,5
2018-03-03,10,7
2018-03-04,10,7
2018-03-05,10,8
2018-03-06,10,6
2018-03-07,10,6
2018-03-08,10,6
2018-03-09,10,7
2018-03-10,10,10
2018-03-11,10,10
2018-03-12,10,11
2018-03-13,10,12
2018-03-14,10,11
2018-03-15,10,9
2018-03-16,10,8
2018-03-17,10,8
2018-03-18,10,8
2018-03-19,10,8
2018-03-20,10,9
2018-03-21,10,8
2018-03-22,10,9
2018-03-23,10,8
2018-03-24,10,8
2018-03-25,10,10
2018-03-26,10,12
2018-03-27,10,10
2018-03-28,10,10
2018-03-29,10,9
2018-03-30,10,8
2018-03-31,10,7
2018-04-01,10,6
2018-04-02,10,7
2018-04-03,10,6
2018-04-04,10,7
2018-04-05,10,7
2018-04-06,10,5
2018-04-07,10,7
2018-04-14,10,5
2018-04-15,10,5
2018-04-16,10,6
2018-04-17,10,5
2018-04-18,10,6
2018-04-19,10,4
2018-04-20,10,6
2018-04-21,10,6
2018-04-22,10,3
2018-04-23,10,4
2018-04-24,10,5
2018-04-25,10,4
2018-04-26,10,3
2018-04-27,10,2
2018-04-28,10,2
2018-05-01,10,4
2018-05-02,10,5
2018-05-03,10,5
2018-05-04,10,7
2018-05-05,10,6
2018-05-06,10,6
2018-05-07,10,7
2018-05-08,10,7
2018-05-09,10,3
2018-05-10,10,6
2018-05-11,10,4
2018-05-12,10,6
2018-05-13,10,7
2018-05-14,10,1
2018-05-15,10,9
2018-05-16,10,33
2018-05-17,10,35
2018-05-18,10,34
2018-05-19,10,34
2018-05-20,10,34
2018-05-21,10,34
2018-05-22,10,35
2018-05-23,10,38
2018-05-24,10,39
2018-05-25,10,40
2018-05-26,10,42
2018-05-27,10,37
2018-05-28,10,40
2018-05-29,10,42
2018-05-30,10,41
2018-05-31,10,41
2018-06-01,10,43
2018-06-02,10,46
2018-06-03,10,49
2018-06-04,10,49
2018-06-05,10,50
2018-06-06,10,51
2018-06-07,10,52
2018-06-08,10,52
2018-06-09,10,52
2018-06-10,10,51
2018-06-11,10,51
2018-06-12,10,50
2018-06-13,10,51
2018-06-14,10,49
2017-11-15,15,1
2017-11-16,15,1
2017-11-17,15,1
2017-11-18,15,1
2017-11-25,15,1
2017-11-26,15,1
2017-11-27,15,2
2017-11-28,15,2
2017-11-29,15,1
2017-12-04,15,1
2017-12-11,15,2
2017-12-12,15,1
2017-12-13,15,1
2017-12-14,15,1
2017-12-17,15,1
2017-12-20,15,1
2017-12-21,15,1
2017-12-23,15,1
2017-12-24,15,1
2017-12-25,15,1
2017-12-26,15,1
2017-12-27,15,1
2017-12-28,15,1
2017-12-29,15,1
2017-12-30,15,1
2018-01-01,15,1
2018-01-04,15,2
2018-01-05,15,4
2018-01-06,15,3
2018-01-07,15,2
2018-01-08,15,2
2018-01-09,15,3
2018-01-12,15,2
2018-01-13,15,3
2018-01-14,15,2
2018-01-15,15,6
2018-01-16,15,4
2018-01-17,15,3
2018-01-18,15,1
2018-01-19,15,1
2018-01-22,15,2
2018-01-23,15,2
2018-01-24,15,1
2018-01-25,15,4
2018-01-26,15,2
2018-01-27,15,2
2018-01-28,15,3
2018-01-29,15,2
2018-01-30,15,4
2018-01-31,15,4
2018-02-01,15,4
2018-02-02,15,1
2018-02-03,15,2
2018-02-04,15,1
2018-02-05,15,2
2018-02-06,15,1
2018-02-07,15,1
2018-02-11,15,1
2018-02-12,15,1
2018-02-13,15,1
2018-02-14,15,1
2018-02-16,15,1
2018-02-17,15,2
2018-02-18,15,2
2018-02-19,15,3
2018-02-20,15,3
2018-02-21,15,3
2018-02-22,15,3
2018-02-23,15,3
2018-02-27,15,1
2018-02-28,15,1
2018-03-05,15,1
2018-03-06,15,2
2018-03-07,15,2
2018-03-14,15,1
2018-03-15,15,1
2018-03-16,15,1
2018-03-17,15,1
2018-03-18,15,1
2018-03-19,15,1
2018-03-20,15,2
2018-03-21,15,1
2018-03-22,15,1
2018-03-23,15,1
2018-03-24,15,1
2018-03-25,15,1
2018-03-30,15,1
2018-04-01,15,1
2018-04-02,15,1
2018-04-03,15,1
2018-04-14,15,1
2018-04-15,15,1
2018-04-16,15,2
2018-04-17,15,2
2018-04-18,15,3
2018-04-19,15,3
2018-04-20,15,3
2018-04-21,15,1
2018-04-22,15,2
2018-04-23,15,2
2018-04-24,15,2
2018-04-25,15,5
2018-04-26,15,5
2018-04-27,15,5
2018-04-28,15,4
2018-04-29,15,4
2018-04-30,15,3
2018-05-01,15,2
2018-05-02,15,2
2018-05-03,15,4
2018-05-04,15,4
2018-05-05,15,4
2018-05-06,15,4
2018-05-07,15,4
2018-05-08,15,5
2018-05-09,15,5
2018-05-10,15,4
2018-05-11,15,3
2018-05-12,15,3
2018-05-13,15,3
2018-05-14,15,4
2018-05-16,15,2
2018-05-17,15,2
2018-05-18,15,2
2018-05-19,15,2
2018-05-20,15,2
2018-05-21,15,2
2018-05-22,15,2
2018-05-23,15,3
2018-05-24,15,3
2018-05-25,15,5
2018-05-26,15,4
2018-05-27,15,5
2018-05-28,15,4
2018-05-29,15,4
2018-05-30,15,4
2018-05-31,15,4
2018-06-01,15,4
2018-06-02,15,4
2018-06-03,15,4
2018-06-04,15,4
2018-06-05,15,4
2018-06-06,15,4
2018-06-07,15,4
2018-06-08,15,4
2018-06-09,15,4
2018-06-10,15,4
2018-06-11,15,4
2018-06-12,15,4
2018-06-13,15,4
2018-06-14,15,4
2017-11-14,17,1
2017-11-15,17,2
2017-11-16,17,1
2017-11-19,17,1
2017-11-21,17,1
2017-11-22,17,1
2017-11-25,17,1
2017-12-02,17,1
2017-12-03,17,1
2017-12-04,17,1
2017-12-06,17,1
2017-12-07,17,1
2017-12-08,17,1
2017-12-09,17,1
2017-12-19,17,1
2017-12-20,17,1
2017-12-21,17,2
2017-12-22,17,1
2017-12-23,17,1
2017-12-24,17,1
2017-12-25,17,1
2017-12-26,17,1
2017-12-27,17,1
2017-12-28,17,1
2017-12-29,17,1
2018-01-06,17,1
2018-01-07,17,1
2018-01-15,17,1
2018-01-16,17,1
2018-01-18,17,1
2018-01-19,17,1
2018-01-20,17,1
2018-01-21,17,1
2018-01-22,17,1
2018-01-23,17,1
2018-01-25,17,1
2018-01-26,17,2
2018-01-28,17,1
2018-01-30,17,1
2018-01-31,17,1
2018-02-01,17,1
2018-02-02,17,1
2018-02-03,17,1
2018-02-05,17,2
2018-02-06,17,1
2018-02-07,17,1
2018-02-10,17,1
2018-02-11,17,1
2018-02-14,17,2
2018-02-15,17,3
2018-02-16,17,3
2018-02-17,17,2
2018-02-21,17,1
2018-02-22,17,2
2018-02-23,17,2
2018-02-24,17,1
2018-02-27,17,2
2018-02-28,17,1
2018-03-01,17,1
2018-03-03,17,1
2018-03-04,17,1
2018-03-05,17,2
2018-03-06,17,1
2018-03-07,17,2
2018-03-08,17,1
2018-03-09,17,2
2018-03-10,17,1
2018-03-11,17,1
2018-03-12,17,1
2018-03-13,17,1
2018-03-14,17,2
2018-03-15,17,2
2018-03-16,17,2
2018-03-17,17,2
2018-03-18,17,1
2018-03-19,17,1
2018-03-20,17,1
2018-03-21,17,1
2018-03-22,17,1
2018-03-23,17,1
2018-03-25,17,1
2018-03-26,17,1
2018-03-30,17,2
2018-04-02,17,1
2018-04-05,17,1
2018-04-06,17,1
2018-04-07,17,1
2018-04-14,17,3
2018-04-15,17,2
2018-04-16,17,1
2018-04-17,17,2
2018-04-19,17,1
2018-04-20,17,1
2018-04-21,17,1
2018-04-22,17,1
2018-04-23,17,2
2018-04-24,17,2
2018-04-25,17,3
2018-04-26,17,1
2018-04-27,17,2
2018-04-28,17,1
2018-04-29,17,3
2018-04-30,17,14
2018-05-01,17,15
2018-05-02,17,13
2018-05-03,17,14
2018-05-04,17,13
2018-05-05,17,14
2018-05-06,17,14
2018-05-07,17,15
2018-05-08,17,13
2018-05-09,17,14
2018-05-10,17,13
2018-05-11,17,12
2018-05-12,17,11
2018-05-13,17,10
2018-05-14,17,11
2018-05-15,17,9
2018-05-16,17,9
2018-05-17,17,9
2018-05-18,17,9
2018-05-19,17,9
2018-05-20,17,9
2018-05-21,17,7
2018-05-22,17,9
2018-05-23,17,9
2018-05-24,17,8
2018-05-25,17,8
2018-05-26,17,9
2018-05-27,17,9
2018-05-28,17,9
2018-05-29,17,9
2018-05-30,17,10
2018-05-31,17,9
2018-06-01,17,8
2018-06-02,17,8
2018-06-03,17,8
2018-06-04,17,6
2018-06-05,17,6
2018-06-06,17,6
2018-06-07,17,5
2018-06-08,17,6
2018-06-09,17,6
2018-06-10,17,6
2018-06-11,17,6
2018-06-12,17,6
2018-06-13,17,5
2018-06-14,17,5
2018-02-08,19,1
2018-02-09,19,1
2018-03-04,19,1
2018-04-16,19,2
2018-04-17,19,2
2018-04-18,19,2
2018-04-19,19,2
2018-04-20,19,2
2018-04-21,19,1
2018-04-22,19,2
2018-04-23,19,2
2018-04-24,19,3
2018-04-25,19,3
2018-04-26,19,3
2018-04-27,19,3
2018-04-28,19,3
2018-04-29,19,3
2018-04-30,19,3
2018-05-01,19,3
2018-05-02,19,2
2018-05-03,19,2
2018-05-04,19,2
2018-05-05,19,1
2018-05-14,19,1
2018-05-15,19,2
2018-05-16,19,1
2018-05-17,19,1
2018-05-18,19,1
2018-05-19,19,1
2018-05-20,19,1
2018-05-21,19,1
2018-05-22,19,1
2018-05-23,19,1
2018-05-24,19,1
2018-05-25,19,1
2018-05-26,19,1
2018-05-27,19,1
2018-05-28,19,1
2018-05-29,19,1
2018-05-30,19,1
2018-05-31,19,1
2018-06-01,19,1
2018-06-02,19,1
2018-06-03,19,1
2018-06-04,19,2
2018-06-05,19,2
2018-06-06,19,1
2018-06-07,19,1
2018-06-08,19,1
2018-06-09,19,1
2018-06-10,19,1
2018-06-11,19,1
2018-06-12,19,1
2018-06-13,19,1
2018-06-14,19,1
2017-11-14,20,1
2017-11-15,20,1
2017-11-17,20,1
2017-11-18,20,1
2017-11-19,20,1
2017-11-20,20,2
2017-11-21,20,2
2017-11-22,20,1
2017-11-23,20,1
2017-11-24,20,1
2017-11-25,20,1
2017-11-26,20,1
2017-11-27,20,1
2017-11-28,20,1
2017-11-29,20,1
2017-12-01,20,1
2017-12-02,20,1
2017-12-03,20,2
2017-12-04,20,2
2017-12-05,20,2
2017-12-06,20,1
2017-12-07,20,1
2017-12-08,20,2
2017-12-09,20,2
2017-12-10,20,1
2017-12-11,20,1
2017-12-12,20,1
2017-12-13,20,1
2017-12-14,20,1
2017-12-15,20,1
2017-12-16,20,1
2017-12-17,20,2
2017-12-18,20,1
2017-12-19,20,1
2017-12-20,20,1
2017-12-21,20,1
2018-01-05,20,2
2018-01-06,20,2
2018-01-07,20,1
2018-01-08,20,2
2018-01-09,20,2
2018-01-12,20,1
2018-01-13,20,3
2018-01-14,20,2
2018-01-15,20,1
2018-01-16,20,1
2018-01-17,20,2
2018-01-18,20,1
2018-01-19,20,2
2018-01-20,20,3
2018-01-21,20,1
2018-01-22,20,1
2018-01-23,20,1
2018-01-27,20,1
2018-01-28,20,1
2018-01-29,20,3
2018-01-30,20,5
2018-01-31,20,5
2018-02-01,20,5
2018-02-02,20,5
2018-02-03,20,5
2018-02-04,20,4
2018-02-05,20,3
2018-02-06,20,3
2018-02-07,20,1
2018-02-08,20,2
2018-02-09,20,1
2018-02-10,20,1
2018-02-11,20,1
2018-02-12,20,2
2018-02-13,20,2
2018-02-14,20,3
2018-02-15,20,2
2018-02-16,20,2
2018-02-17,20,2
2018-02-18,20,2
2018-02-19,20,1
2018-02-20,20,1
2018-02-21,20,1
2018-02-22,20,1
2018-02-23,20,1
2018-03-04,20,1
2018-03-05,20,2
2018-03-06,20,2
2018-03-07,20,1
2018-03-08,20,1
2018-03-09,20,1
2018-03-10,20,1
2018-03-18,20,1
2018-03-19,20,1
2018-03-20,20,1
2018-03-21,20,1
2018-03-22,20,1
2018-03-23,20,1
2018-03-24,20,1
2018-03-25,20,1
2018-03-26,20,2
2018-03-27,20,2
2018-03-28,20,2
2018-03-29,20,3
2018-03-30,20,3
2018-03-31,20,3
2018-04-01,20,2
2018-04-02,20,2
2018-04-03,20,2
2018-04-04,20,2
2018-04-05,20,2
2018-04-06,20,2
2018-04-07,20,2
2018-04-14,20,1
2018-04-15,20,1
2018-04-19,20,1
2018-04-20,20,1
2018-04-21,20,1
2018-04-23,20,1
2018-04-24,20,1
2018-04-25,20,1
2018-05-06,20,1
2018-05-07,20,1
2018-05-08,20,1
2018-05-09,20,1
2018-05-10,20,1
2018-05-11,20,1
2018-05-12,20,1
2018-05-13,20,1
2018-05-15,20,1
2018-05-16,20,1
2018-05-17,20,1
2018-05-23,20,1
2018-05-24,20,1
2018-05-26,20,1
2018-05-27,20,1
2018-05-28,20,1
2018-05-30,20,4
2018-05-31,20,9
2018-06-01,20,9
2018-06-02,20,8
2018-06-03,20,8
2018-06-04,20,8
2018-06-05,20,7
2018-06-06,20,7
2018-06-07,20,8
2018-06-08,20,8
2018-06-09,20,8
2018-06-10,20,10
2018-06-11,20,10
2018-06-12,20,18
2018-06-13,20,20
2018-06-14,20,22
2017-11-21,22,1
2017-11-22,22,1
2017-11-23,22,1
2017-12-01,22,2
2017-12-02,22,1
2017-12-04,22,1
2017-12-06,22,1
2017-12-15,22,1
2017-12-18,22,1
2017-12-21,22,1
2017-12-22,22,1
2017-12-29,22,1
2017-12-31,22,1
2018-01-18,22,1
2018-01-25,22,1
2018-01-26,22,1
2018-01-27,22,1
2018-01-28,22,1
2018-02-01,22,1
2018-02-08,22,1
2018-02-09,22,2
2018-02-13,22,1
2018-02-15,22,1
2018-02-16,22,1
2018-02-17,22,1
2018-02-18,22,1
2018-02-19,22,1
2018-02-20,22,2
2018-02-21,22,1
2018-02-22,22,2
2018-02-23,22,2
2018-02-25,22,1
2018-03-03,22,1
2018-03-04,22,1
2018-03-05,22,1
2018-03-06,22,1
2018-03-07,22,1
2018-03-08,22,1
2018-03-09,22,2
2018-03-10,22,2
2018-03-11,22,1
2018-03-12,22,2
2018-03-27,22,2
2018-03-29,22,1
2018-03-30,22,2
2018-03-31,22,2
2018-04-01,22,2
2018-04-02,22,1
2018-04-03,22,2
2018-04-04,22,2
2018-04-05,22,2
2018-04-06,22,1
2018-04-07,22,1
2018-04-16,22,1
2018-04-17,22,2
2018-04-19,22,1
2018-04-20,22,1
2018-04-21,22,1
2018-04-22,22,1
2018-04-23,22,2
2018-04-24,22,3
2018-04-25,22,3
2018-04-26,22,3
2018-04-27,22,19
2018-04-28,22,22
2018-04-29,22,23
2018-04-30,22,23
2018-05-01,22,22
2018-05-02,22,23
2018-05-03,22,18
2018-05-04,22,15
2018-05-05,22,13
2018-05-06,22,13
2018-05-07,22,13
2018-05-08,22,13
2018-05-09,22,11
2018-05-10,22,10
2018-05-11,22,11
2018-05-12,22,11
2018-05-13,22,13
2018-05-14,22,14
2018-05-15,22,13
2018-05-16,22,14
2018-05-17,22,14
2018-05-18,22,13
2018-05-19,22,13
2018-05-20,22,13
2018-05-21,22,13
2018-05-22,22,12
2018-05-23,22,12
2018-05-24,22,12
2018-05-25,22,10
2018-05-26,22,10
2018-05-27,22,11
2018-05-28,22,11
2018-05-29,22,10
2018-05-30,22,10
2018-05-31,22,10
2018-06-01,22,10
2018-06-02,22,10
2018-06-03,22,10
2018-06-04,22,10
2018-06-05,22,10
2018-06-06,22,10
2018-06-07,22,11
2018-06-08,22,11
2018-06-09,22,11
2018-06-10,22,12
2018-06-11,22,12
2018-06-12,22,13
2018-06-13,22,13
2018-06-14,22,13
2017-11-15,23,1
2017-11-16,23,1
2017-11-17,23,3
2017-11-18,23,4
2017-11-19,23,2
2017-11-20,23,1
2017-11-22,23,1
2017-11-23,23,2
2017-11-24,23,3
2017-11-25,23,3
2017-11-26,23,3
2017-11-27,23,3
2017-11-28,23,3
2017-11-29,23,3
2017-11-30,23,3
2017-12-01,23,2
2017-12-02,23,4
2017-12-03,23,1
2017-12-05,23,1
2017-12-08,23,1
2017-12-09,23,1
2017-12-10,23,1
2017-12-11,23,1
2017-12-12,23,1
2017-12-15,23,3
2017-12-16,23,1
2017-12-17,23,1
2017-12-18,23,1
2017-12-20,23,1
2017-12-21,23,1
2017-12-22,23,2
2017-12-23,23,1
2017-12-24,23,1
2017-12-25,23,1
2017-12-27,23,2
2017-12-28,23,2
2017-12-29,23,3
2017-12-31,23,1
2018-01-02,23,2
2018-01-03,23,2
2018-01-04,23,3
2018-01-05,23,2
2018-01-06,23,1
2018-01-07,23,1
2018-01-12,23,1
2018-01-13,23,1
2018-01-17,23,2
2018-01-18,23,2
2018-01-19,23,1
2018-01-20,23,1
2018-01-22,23,1
2018-01-24,23,1
2018-01-26,23,1
2018-01-27,23,1
2018-01-29,23,1
2018-01-31,23,2
2018-02-01,23,1
2018-02-02,23,1
2018-02-04,23,3
2018-02-05,23,2
2018-02-06,23,2
2018-02-07,23,1
2018-02-09,23,2
2018-02-12,23,1
2018-02-13,23,1
2018-02-17,23,1
2018-02-19,23,1
2018-02-23,23,1
2018-02-27,23,1
2018-03-07,23,2
2018-03-15,23,1
2018-03-16,23,1
2018-03-17,23,2
2018-03-18,23,2
2018-03-19,23,4
2018-03-20,23,2
2018-03-21,23,2
2018-03-22,23,1
2018-03-23,23,1
2018-03-24,23,2
2018-03-25,23,1
2018-03-26,23,1
2018-03-27,23,2
2018-03-28,23,3
2018-03-29,23,3
2018-03-30,23,2
2018-04-01,23,1
2018-04-03,23,2
2018-04-04,23,3
2018-04-05,23,3
2018-04-06,23,4
2018-04-07,23,5
2018-04-14,23,1
2018-04-19,23,1
2018-04-20,23,1
2018-04-22,23,1
2018-04-23,23,3
2018-04-24,23,3
2018-04-25,23,2
2018-04-26,23,3
2018-04-27,23,2
2018-04-28,23,1
2018-04-29,23,1
2018-04-30,23,1
2018-05-01,23,1
2018-05-02,23,2
2018-05-03,23,1
2018-05-04,23,16
2018-05-05,23,16
2018-05-06,23,16
2018-05-07,23,16
2018-05-08,23,17
2018-05-09,23,17
2018-05-10,23,17
2018-05-11,23,16
2018-05-12,23,16
2018-05-13,23,17
2018-05-14,23,18
2018-05-15,23,14
2018-05-16,23,16
2018-05-17,23,15
2018-05-18,23,16
2018-05-19,23,16
2018-05-20,23,15
2018-05-21,23,15
2018-05-22,23,16
2018-05-23,23,16
2018-05-24,23,16
2018-05-25,23,17
2018-05-26,23,17
2018-05-27,23,18
2018-05-28,23,17
2018-05-29,23,17
2018-05-30,23,17
2018-05-31,23,18
2018-06-01,23,18
2018-06-02,23,18
2018-06-03,23,18
2018-06-04,23,18
2018-06-05,23,17
2018-06-06,23,17
2018-06-07,23,16
2018-06-08,23,16
2018-06-09,23,16
2018-06-10,23,17
2018-06-11,23,17
2018-06-12,23,17
2018-06-13,23,15
2018-06-14,23,14
2017-11-14,24,9
2017-11-15,24,10
2017-11-16,24,11
2017-11-17,24,13
2017-11-18,24,11
2017-11-19,24,9
2017-11-20,24,8
2017-11-21,24,6
2017-11-22,24,7
2017-11-23,24,4
2017-11-24,24,9
2017-11-25,24,9
2017-11-26,24,8
2017-11-27,24,9
2017-11-28,24,11
2017-11-29,24,12
2017-11-30,24,13
2017-12-01,24,12
2017-12-02,24,7
2017-12-03,24,10
2017-12-04,24,6
2017-12-05,24,7
2017-12-06,24,7
2017-12-07,24,7
2017-12-08,24,7
2017-12-09,24,6
2017-12-10,24,7
2017-12-11,24,6
2017-12-12,24,6
2017-12-13,24,6
2017-12-14,24,9
2017-12-15,24,9
2017-12-16,24,7
2017-12-17,24,7
2017-12-18,24,7
2017-12-19,24,7
2017-12-20,24,9
2017-12-21,24,4
2017-12-22,24,3
2017-12-23,24,1
2017-12-24,24,3
2017-12-25,24,5
2017-12-26,24,5
2017-12-27,24,5
2017-12-28,24,5
2017-12-29,24,8
2017-12-30,24,8
2017-12-31,24,9
2018-01-01,24,9
2018-01-02,24,8
2018-01-03,24,9
2018-01-04,24,10
2018-01-05,24,10
2018-01-06,24,5
2018-01-07,24,4
2018-01-08,24,6
2018-01-09,24,7
2018-01-12,24,9
2018-01-13,24,10
2018-01-14,24,10
2018-01-15,24,5
2018-01-16,24,7
2018-01-17,24,5
2018-01-18,24,4
2018-01-19,24,5
2018-01-20,24,8
2018-01-21,24,9
2018-01-22,24,5
2018-01-23,24,7
2018-01-24,24,8
2018-01-25,24,7
2018-01-26,24,9
2018-01-27,24,11
2018-01-28,24,13
2018-01-29,24,13
2018-01-30,24,10
2018-01-31,24,13
2018-02-01,24,11
2018-02-02,24,7
2018-02-03,24,8
2018-02-04,24,11
2018-02-05,24,8
2018-02-06,24,6
2018-02-07,24,3
2018-02-08,24,7
2018-02-09,24,7
2018-02-10,24,5
2018-02-11,24,8
2018-02-12,24,6
2018-02-13,24,7
2018-02-14,24,9
2018-02-15,24,7
2018-02-16,24,8
2018-02-17,24,4
2018-02-18,24,7
2018-02-19,24,8
2018-02-20,24,8
2018-02-21,24,8
2018-02-22,24,10
2018-02-23,24,11
2018-02-24,24,12
2018-02-25,24,10
2018-02-26,24,11
2018-02-27,24,8
2018-02-28,24,7
2018-03-01,24,9
2018-03-02,24,8
2018-03-03,24,6
2018-03-04,24,7
2018-03-05,24,10
2018-03-06,24,11
2018-03-07,24,13
2018-03-08,24,13
2018-03-09,24,12
2018-03-10,24,9
2018-03-11,24,5
2018-03-12,24,5
2018-03-13,24,6
2018-03-14,24,6
2018-03-15,24,10
2018-03-16,24,12
2018-03-17,24,13
2018-03-18,24,13
2018-03-19,24,10
2018-03-20,24,15
2018-03-21,24,17
2018-03-22,24,15
2018-03-23,24,14
2018-03-24,24,13
2018-03-25,24,16
2018-03-26,24,15
2018-03-27,24,12
2018-03-28,24,11
2018-03-29,24,12
2018-03-30,24,8
2018-03-31,24,10
2018-04-01,24,10
2018-04-02,24,12
2018-04-03,24,8
2018-04-04,24,14
2018-04-05,24,13
2018-04-06,24,14
2018-04-07,24,11
2018-04-14,24,14
2018-04-15,24,12
2018-04-16,24,12
2018-04-17,24,11
2018-04-18,24,14
2018-04-19,24,14
2018-04-20,24,11
2018-04-21,24,9
2018-04-22,24,11
2018-04-23,24,11
2018-04-24,24,8
2018-04-25,24,10
2018-04-26,24,8
2018-04-27,24,8
2018-04-28,24,9
2018-04-29,24,11
2018-04-30,24,9
2018-05-01,24,10
2018-05-02,24,11
2018-05-03,24,12
2018-05-04,24,9
2018-05-05,24,10
2018-05-06,24,12
2018-05-07,24,14
2018-05-08,24,28
2018-05-09,24,57
2018-05-10,24,56
2018-05-11,24,58
2018-05-12,24,54
2018-05-13,24,53
2018-05-14,24,61
2018-05-15,24,63
2018-05-16,24,57
2018-05-17,24,57
2018-05-18,24,54
2018-05-19,24,54
2018-05-20,24,54
2018-05-21,24,56
2018-05-22,24,59
2018-05-23,24,57
2018-05-24,24,59
2018-05-25,24,58
2018-05-26,24,54
2018-05-27,24,52
2018-05-28,24,52
2018-05-29,24,51
2018-05-30,24,49
2018-05-31,24,49
2018-06-01,24,50
2018-06-02,24,49
2018-06-03,24,49
2018-06-04,24,51
2018-06-05,24,51
2018-06-06,24,50
2018-06-07,24,52
2018-06-08,24,50
2018-06-09,24,51
2018-06-10,24,50
2018-06-11,24,50
2018-06-12,24,48
2018-06-13,24,48
2018-06-14,24,47
2017-11-14,25,1
2017-11-15,25,2
2017-11-16,25,1
2017-11-17,25,2
2017-11-18,25,2
2017-11-20,25,1
2017-11-21,25,1
2017-11-22,25,2
2017-11-23,25,2
2017-11-29,25,1
2017-11-30,25,2
2017-12-01,25,2
2017-12-03,25,1
2017-12-08,25,1
2017-12-09,25,1
2017-12-13,25,1
2017-12-15,25,2
2017-12-19,25,1
2017-12-20,25,3
2017-12-21,25,4
2017-12-22,25,2
2017-12-23,25,2
2017-12-24,25,2
2017-12-25,25,2
2017-12-26,25,2
2017-12-27,25,1
2017-12-28,25,1
2017-12-29,25,1
2017-12-30,25,1
2017-12-31,25,1
2018-01-01,25,1
2018-01-02,25,1
2018-01-03,25,2
2018-01-04,25,1
2018-01-09,25,1
2018-01-14,25,1
2018-01-16,25,3
2018-01-18,25,1
2018-01-22,25,3
2018-01-23,25,1
2018-01-24,25,2
2018-01-25,25,2
2018-01-26,25,3
2018-01-27,25,3
2018-01-28,25,3
2018-01-29,25,3
2018-01-30,25,5
2018-01-31,25,3
2018-02-01,25,2
2018-02-03,25,3
2018-02-06,25,1
2018-02-11,25,1
2018-02-12,25,1
2018-02-13,25,2
2018-02-14,25,1
2018-02-15,25,1
2018-02-17,25,1
2018-02-20,25,1
2018-02-21,25,1
2018-02-23,25,1
2018-02-24,25,1
2018-02-26,25,1
2018-02-28,25,1
2018-03-01,25,1
2018-03-05,25,1
2018-03-11,25,1
2018-03-12,25,1
2018-03-13,25,1
2018-03-14,25,1
2018-03-17,25,1
2018-04-02,25,4
2018-04-03,25,4
2018-04-04,25,4
2018-04-05,25,6
2018-04-06,25,6
2018-04-07,25,5
2018-04-14,25,6
2018-04-15,25,7
2018-04-16,25,8
2018-04-17,25,8
2018-04-18,25,9
2018-04-19,25,8
2018-04-20,25,8
2018-04-21,25,8
2018-04-22,25,9
2018-04-23,25,7
2018-04-24,25,7
2018-04-25,25,7
2018-04-26,25,7
2018-04-27,25,7
2018-04-28,25,7
2018-04-29,25,8
2018-04-30,25,9
2018-05-01,25,6
2018-05-02,25,7
2018-05-03,25,7
2018-05-04,25,5
2018-05-05,25,5
2018-05-06,25,5
2018-05-07,25,6
2018-05-08,25,3
2018-05-09,25,6
2018-05-10,25,7
2018-05-11,25,7
2018-05-12,25,8
2018-05-13,25,8
2018-05-14,25,2
2018-05-15,25,11
2018-05-16,25,10
2018-05-17,25,10
2018-05-18,25,11
2018-05-19,25,11
2018-05-20,25,11
2018-05-21,25,13
2018-05-22,25,12
2018-05-23,25,12
2018-05-24,25,12
2018-05-25,25,12
2018-05-26,25,12
2018-05-27,25,13
2018-05-28,25,12
2018-05-29,25,12
2018-05-30,25,10
2018-05-31,25,10
2018-06-01,25,9
2018-06-02,25,8
2018-06-03,25,7
2018-06-04,25,6
2018-06-05,25,5
2018-06-06,25,5
2018-06-07,25,5
2018-06-08,25,3
2018-06-09,25,3
2018-06-10,25,3
2018-06-11,25,3
2018-06-12,25,2
2018-06-13,25,2
2018-06-14,25,2
2017-11-14,26,5
2017-11-15,26,5
2017-11-16,26,3
2017-11-17,26,4
2017-11-18,26,4
2017-11-19,26,3
2017-11-20,26,3
2017-11-21,26,6
2017-11-22,26,7
2017-11-23,26,8
2017-11-24,26,9
2017-11-25,26,8
2017-11-26,26,6
2017-11-27,26,6
2017-11-28,26,7
2017-11-29,26,6
2017-11-30,26,6
2017-12-01,26,10
2017-12-02,26,8
2017-12-03,26,8
2017-12-04,26,8
2017-12-05,26,8
2017-12-06,26,6
2017-12-07,26,4
2017-12-08,26,6
2017-12-09,26,7
2017-12-10,26,7
2017-12-11,26,4
2017-12-12,26,6
2017-12-13,26,6
2017-12-14,26,4
2017-12-15,26,2
2017-12-16,26,3
2017-12-17,26,4
2017-12-18,26,4
2017-12-19,26,5
2017-12-20,26,4
2017-12-21,26,3
2017-12-22,26,4
2017-12-23,26,1
2017-12-24,26,2
2017-12-25,26,4
2017-12-26,26,3
2017-12-27,26,3
2017-12-28,26,3
2017-12-29,26,2
2017-12-30,26,2
2017-12-31,26,3
2018-01-01,26,1
2018-01-02,26,3
2018-01-03,26,6
2018-01-04,26,4
2018-01-05,26,5
2018-01-06,26,4
2018-01-07,26,6
2018-01-08,26,5
2018-01-09,26,3
2018-01-12,26,4
2018-01-13,26,5
2018-01-14,26,3
2018-01-15,26,5
2018-01-16,26,5
2018-01-17,26,3
2018-01-18,26,3
2018-01-19,26,8
2018-01-20,26,7
2018-01-21,26,6
2018-01-22,26,5
2018-01-23,26,5
2018-01-24,26,3
2018-01-25,26,3
2018-01-26,26,4
2018-01-27,26,3
2018-01-28,26,4
2018-01-29,26,3
2018-01-30,26,3
2018-01-31,26,5
2018-02-01,26,2
2018-02-02,26,4
2018-02-03,26,4
2018-02-04,26,2
2018-02-05,26,3
2018-02-06,26,2
2018-02-07,26,4
2018-02-08,26,5
2018-02-09,26,5
2018-02-10,26,5
2018-02-11,26,6
2018-02-12,26,8
2018-02-13,26,8
2018-02-14,26,9
2018-02-15,26,7
2018-02-16,26,7
2018-02-17,26,5
2018-02-18,26,6
2018-02-19,26,6
2018-02-20,26,4
2018-02-21,26,4
2018-02-22,26,4
2018-02-23,26,6
2018-02-24,26,6
2018-02-25,26,6
2018-02-26,26,6
2018-02-27,26,5
2018-02-28,26,4
2018-03-01,26,4
2018-03-02,26,6
2018-03-03,26,4
2018-03-04,26,7
2018-03-05,26,6
2018-03-06,26,6
2018-03-07,26,5
2018-03-08,26,6
2018-03-09,26,6
2018-03-10,26,7
2018-03-11,26,8
2018-03-12,26,7
2018-03-13,26,6
2018-03-14,26,7
2018-03-15,26,8
2018-03-16,26,8
2018-03-17,26,9
2018-03-18,26,6
2018-03-19,26,5
2018-03-20,26,5
2018-03-21,26,4
2018-03-22,26,5
2018-03-23,26,3
2018-03-24,26,2
2018-03-25,26,2
2018-03-26,26,1
2018-04-01,26,2
2018-04-02,26,3
2018-04-03,26,2
2018-04-04,26,2
2018-04-05,26,2
2018-04-06,26,3
2018-04-07,26,4
2018-04-14,26,2
2018-04-15,26,3
2018-04-16,26,2
2018-04-17,26,3
2018-04-18,26,2
2018-04-19,26,3
2018-04-20,26,3
2018-04-21,26,3
2018-04-22,26,6
2018-04-23,26,6
2018-04-24,26,4
2018-04-25,26,4
2018-04-26,26,2
2018-04-27,26,2
2018-04-28,26,1
2018-04-29,26,2
2018-04-30,26,2
2018-05-01,26,2
2018-05-02,26,5
2018-05-03,26,20
2018-05-04,26,21
2018-05-05,26,22
2018-05-06,26,22
2018-05-07,26,22
2018-05-08,26,22
2018-05-09,26,20
2018-05-10,26,20
2018-05-11,26,18
2018-05-12,26,20
2018-05-13,26,23
2018-05-14,26,22
2018-05-15,26,20
2018-05-16,26,20
2018-05-17,26,19
2018-05-18,26,21
2018-05-19,26,21
2018-05-20,26,21
2018-05-21,26,19
2018-05-22,26,19
2018-05-23,26,18
2018-05-24,26,18
2018-05-25,26,17
2018-05-26,26,17
2018-05-27,26,18
2018-05-28,26,17
2018-05-29,26,17
2018-05-30,26,20
2018-05-31,26,20
2018-06-01,26,19
2018-06-02,26,20
2018-06-03,26,18
2018-06-04,26,17
2018-06-05,26,19
2018-06-06,26,19
2018-06-07,26,18
2018-06-08,26,19
2018-06-09,26,19
2018-06-10,26,18
2018-06-11,26,18
2018-06-12,26,15
2018-06-13,26,16
2018-06-14,26,18
2017-11-18,27,1
2017-11-19,27,1
2017-11-20,27,1
2017-11-22,27,1
2017-11-24,27,1
2017-11-27,27,1
2017-11-28,27,1
2017-11-29,27,1
2017-12-04,27,2
2017-12-07,27,1
2017-12-15,27,1
2017-12-16,27,1
2017-12-17,27,2
2017-12-24,27,1
2017-12-26,27,1
2017-12-27,27,1
2018-01-05,27,2
2018-01-06,27,1
2018-01-07,27,1
2018-01-08,27,2
2018-01-09,27,1
2018-01-12,27,1
2018-01-13,27,1
2018-01-14,27,4
2018-01-15,27,2
2018-01-16,27,2
2018-01-24,27,1
2018-02-02,27,1
2018-02-03,27,1
2018-02-04,27,2
2018-02-14,27,1
2018-02-15,27,1
2018-02-17,27,1
2018-02-18,27,1
2018-02-19,27,1
2018-02-27,27,1
2018-02-28,27,1
2018-03-01,27,1
2018-03-02,27,2
2018-03-03,27,3
2018-03-04,27,2
2018-03-05,27,1
2018-03-07,27,1
2018-03-08,27,2
2018-03-09,27,1
2018-03-10,27,1
2018-03-11,27,1
2018-03-12,27,2
2018-03-13,27,2
2018-03-14,27,2
2018-03-15,27,1
2018-03-16,27,1
2018-03-17,27,1
2018-03-18,27,1
2018-03-19,27,1
2018-03-20,27,2
2018-03-21,27,1
2018-03-23,27,1
2018-03-24,27,1
2018-03-26,27,1
2018-03-27,27,1
2018-03-28,27,1
2018-03-29,27,2
2018-03-30,27,1
2018-03-31,27,1
2018-04-01,27,2
2018-04-02,27,1
2018-04-03,27,1
2018-04-04,27,1
2018-04-14,27,1
2018-04-15,27,2
2018-04-16,27,2
2018-04-23,27,3
2018-04-24,27,7
2018-04-25,27,8
2018-04-26,27,8
2018-04-27,27,8
2018-04-28,27,8
2018-04-29,27,8
2018-04-30,27,9
2018-05-01,27,9
2018-05-02,27,8
2018-05-03,27,8
2018-05-04,27,8
2018-05-05,27,8
2018-05-06,27,8
2018-05-07,27,8
2018-05-08,27,7
2018-05-09,27,7
2018-05-10,27,7
2018-05-11,27,6
2018-05-12,27,5
2018-05-13,27,5
2018-05-14,27,8
2018-05-15,27,7
2018-05-16,27,6
2018-05-17,27,7
2018-05-18,27,7
2018-05-19,27,7
2018-05-20,27,7
2018-05-21,27,6
2018-05-22,27,5
2018-05-23,27,5
2018-05-24,27,6
2018-05-25,27,6
2018-05-26,27,6
2018-05-27,27,6
2018-05-28,27,6
2018-05-29,27,6
2018-05-30,27,6
2018-05-31,27,6
2018-06-01,27,6
2018-06-02,27,6
2018-06-03,27,6
2018-06-04,27,6
2018-06-05,27,4
2018-06-06,27,5
2018-06-07,27,4
2018-06-08,27,4
2018-06-09,27,5
2018-06-10,27,4
2018-06-11,27,4
2018-06-12,27,4
2018-06-13,27,4
2018-06-14,27,4
2017-11-14,28,1
2017-11-15,28,3
2017-11-16,28,4
2017-11-17,28,4
2017-11-18,28,4
2017-11-19,28,1
2017-11-20,28,1
2017-11-21,28,2
2017-11-22,28,1
2017-11-23,28,4
2017-11-24,28,7
2017-11-25,28,6
2017-11-26,28,5
2017-11-27,28,3
2017-11-28,28,5
2017-11-29,28,10
2017-11-30,28,10
2017-12-01,28,8
2017-12-02,28,6
2017-12-03,28,5
2017-12-04,28,4
2017-12-05,28,5
2017-12-06,28,3
2017-12-07,28,4
2017-12-08,28,3
2017-12-09,28,2
2017-12-10,28,1
2017-12-11,28,2
2017-12-12,28,2
2017-12-13,28,3
2017-12-14,28,3
2017-12-15,28,2
2017-12-16,28,4
2017-12-17,28,5
2017-12-18,28,3
2017-12-19,28,3
2017-12-20,28,1
2017-12-22,28,1
2017-12-23,28,6
2017-12-24,28,5
2017-12-25,28,4
2017-12-26,28,5
2017-12-27,28,4
2017-12-28,28,6
2017-12-29,28,5
2017-12-30,28,4
2017-12-31,28,3
2018-01-01,28,3
2018-01-02,28,4
2018-01-03,28,4
2018-01-04,28,5
2018-01-05,28,8
2018-01-06,28,7
2018-01-07,28,7
2018-01-08,28,7
2018-01-09,28,6
2018-01-12,28,6
2018-01-13,28,8
2018-01-14,28,6
2018-01-15,28,7
2018-01-16,28,7
2018-01-17,28,3
2018-01-18,28,4
2018-01-19,28,4
2018-01-20,28,4
2018-01-21,28,3
2018-01-22,28,2
2018-01-23,28,3
2018-01-24,28,3
2018-01-25,28,5
2018-01-26,28,6
2018-01-27,28,6
2018-01-28,28,5
2018-01-29,28,4
2018-01-30,28,4
2018-01-31,28,5
2018-02-01,28,2
2018-02-02,28,4
2018-02-03,28,3
2018-02-04,28,4
2018-02-05,28,8
2018-02-06,28,5
2018-02-07,28,6
2018-02-08,28,4
2018-02-09,28,2
2018-02-10,28,2
2018-02-11,28,2
2018-02-12,28,2
2018-02-13,28,2
2018-02-14,28,3
2018-02-15,28,2
2018-02-16,28,3
2018-02-17,28,3
2018-02-18,28,3
2018-02-19,28,5
2018-02-20,28,7
2018-02-21,28,3
2018-02-22,28,3
2018-02-23,28,6
2018-02-24,28,4
2018-02-25,28,4
2018-02-26,28,5
2018-02-27,28,7
2018-02-28,28,7
2018-03-01,28,5
2018-03-02,28,5
2018-03-03,28,4
2018-03-04,28,3
2018-03-05,28,3
2018-03-06,28,3
2018-03-07,28,2
2018-03-08,28,2
2018-03-09,28,3
2018-03-10,28,3
2018-03-11,28,3
2018-03-12,28,2
2018-03-13,28,1
2018-03-14,28,2
2018-03-15,28,2
2018-03-16,28,2
2018-03-17,28,1
2018-03-18,28,2
2018-03-19,28,1
2018-03-20,28,1
2018-03-21,28,2
2018-03-22,28,1
2018-03-23,28,1
2018-03-24,28,2
2018-03-25,28,2
2018-03-26,28,2
2018-03-27,28,1
2018-03-28,28,1
2018-03-29,28,1
2018-04-02,28,1
2018-04-03,28,1
2018-04-04,28,1
2018-04-05,28,2
2018-04-06,28,1
2018-04-07,28,1
2018-04-14,28,1
2018-04-15,28,2
2018-04-16,28,2
2018-04-17,28,2
2018-04-18,28,1
2018-04-19,28,1
2018-04-20,28,1
2018-04-21,28,3
2018-04-22,28,3
2018-04-23,28,3
2018-04-24,28,4
2018-04-25,28,4
2018-04-26,28,4
2018-04-27,28,8
2018-04-28,28,9
2018-04-29,28,9
2018-04-30,28,9
2018-05-01,28,12
2018-05-02,28,12
2018-05-03,28,11
2018-05-04,28,10
2018-05-05,28,11
2018-05-06,28,11
2018-05-07,28,11
2018-05-08,28,10
2018-05-09,28,10
2018-05-10,28,11
2018-05-11,28,11
2018-05-12,28,14
2018-05-13,28,13
2018-05-14,28,11
2018-05-15,28,14
2018-05-16,28,12
2018-05-17,28,13
2018-05-18,28,13
2018-05-19,28,13
2018-05-20,28,13
2018-05-21,28,12
2018-05-22,28,11
2018-05-23,28,10
2018-05-24,28,8
2018-05-25,28,9
2018-05-26,28,9
2018-05-27,28,9
2018-05-28,28,8
2018-05-29,28,8
2018-05-30,28,8
2018-05-31,28,8
2018-06-01,28,8
2018-06-02,28,8
2018-06-03,28,8
2018-06-04,28,8
2018-06-05,28,9
2018-06-06,28,9
2018-06-07,28,9
2018-06-08,28,9
2018-06-09,28,8
2018-06-10,28,8
2018-06-11,28,8
2018-06-12,28,6
2018-06-13,28,6
2018-06-14,28,6
2017-11-30,29,1
2017-12-01,29,1
2017-12-02,29,1
2017-12-03,29,1
2017-12-08,29,1
2017-12-09,29,1
2017-12-10,29,1
2017-12-16,29,1
2017-12-17,29,1
2017-12-18,29,1
2017-12-19,29,1
2017-12-20,29,1
2017-12-21,29,1
2017-12-22,29,1
2018-01-05,29,1
2018-01-06,29,1
2018-01-07,29,1
2018-01-08,29,1
2018-01-09,29,1
2018-01-12,29,1
2018-01-14,29,1
2018-01-15,29,1
2018-01-16,29,1
2018-01-27,29,1
2018-01-28,29,1
2018-01-29,29,1
2018-01-30,29,1
2018-01-31,29,1
2018-02-01,29,1
2018-02-02,29,1
2018-02-04,29,1
2018-02-05,29,1
2018-02-06,29,1
2018-02-07,29,1
2018-02-08,29,1
2018-02-09,29,1
2018-02-16,29,1
2018-02-17,29,2
2018-02-18,29,1
2018-02-19,29,2
2018-02-20,29,2
2018-02-21,29,2
2018-05-27,29,1
2018-05-28,29,1
2018-05-29,29,1
2018-05-30,29,1
2018-05-31,29,1
2018-06-01,29,1
2018-06-02,29,1
2018-06-03,29,1
2018-06-04,29,1
2017-12-23,43,1
2017-12-24,43,1
2017-12-25,43,1
2017-12-26,43,1
2017-12-27,43,1
2017-12-28,43,1
2017-12-29,43,1
2017-12-30,43,1
2017-12-31,43,1
2018-01-01,43,1
2018-01-02,43,1
2018-01-26,43,1
2018-01-27,43,1
2018-01-28,43,1
2018-01-29,43,1
2018-01-30,43,1
2018-04-18,43,1
2018-04-19,43,1
2018-04-20,43,1
2018-04-21,43,1
2018-04-22,43,1
2018-04-23,43,1
2018-04-24,43,1
2018-04-25,43,1
2018-04-26,43,1
2018-04-27,43,1
2018-04-28,43,1
2018-04-29,43,1
2018-05-12,43,1
2018-05-13,43,1
2018-05-15,43,1
2018-05-26,43,1
2018-05-27,43,1
2018-05-28,43,1
2018-05-29,43,1
2018-05-30,43,1
2018-05-31,43,1
2018-06-01,43,1
2018-06-02,43,1
2018-06-03,43,1
2018-06-04,43,1
2018-06-05,43,1
2018-06-06,43,1
